ID,Name,x,y
1001,Gauge1,102.63768,17.96564
1002,Gauge2,102.63054,17.96692
