ID,Name,x,y
1001,Gauge1,110.391067,-6.947761
