ID,Name,x,y
1001,Gauge1,110.390464,-7.010556
