ID,Name,x,y
1001,Gauge1,110.390464,-7.010556
1002,Gauge2,110.431029,-7.064683
1003,Gauge3,110.4476518,-7.0158609
1004,Gauge4,110.430977,-7.064571
